<?xml version="1.0" encoding="UTF-8"?>
<itop_design xmlns:xsi="http://www.w3.org/2001/XMLSchema-instance" version="1.6">
	<portals>
		<portal id="legacy_portal" _delta="delete" /> <!-- TODO: voir si opportun de renommer au lieu de delete+define -->
		<portal id="itop-portal" _delta="define"><!-- ID must match module_design[id] -->
			<url>pages/exec.php?exec_module=itop-portal-base&amp;exec_page=index.php&amp;portal_id=itop-portal</url><!-- portal_id	 must match module_design[id] -->
			<rank>1.0</rank>
			<handler />
			<allow>
			</allow>
			<deny />
		</portal>
	</portals>
</itop_design>
