<?xml version="1.0" encoding="UTF-8"?>
<extension format="1.0">
	<extension_code>ldap-data-collector</extension_code>
	<company>Combodo SARL</company>
	<author><![CDATA[Denis]]></author>
	<label><![CDATA[Data collector for LDAP]]></label>
	<description><![CDATA[Synchronization of Persons and Users from an Active Directory/LDAP Directory]]></description>
	<version>1.2.0</version>
	<release_date>2018-09-12</release_date>
	<version_description><![CDATA[Refactoring for the first public release on iTop Hub]]></version_description>
	<itop_version_min></itop_version_min>
	<status></status>
	<mandatory>false</mandatory>
	<more_info_url></more_info_url>
</extension>
