{
	"name": "$prefix$Synchro User LDAP",
	"description": "Synchronization of iTop user from LDAP Directory",
	"status": "$synchro_status$",
	"user_id": "$synchro_user$",
	"notify_contact_id": "$contact_to_notify$",
	"scope_class": "UserLDAP",
	"database_table_name": "$users_data_table$",
	"scope_restriction": "",
	"full_load_periodicity": "$full_load_interval$",
	"reconciliation_policy": "use_attributes",
	"action_on_zero": "create",
	"action_on_one": "update",
	"action_on_multiple": "error",
	"delete_policy": "delete",
	"delete_policy_update": "",
	"delete_policy_retention": "0",
	"attribute_list": [
		{
			"attcode": "allowed_org_list",
			"update": "0",
			"reconcile": "0",
			"update_policy": "master_locked",
			"row_separator": "|",
			"attribute_separator": ";",
			"value_separator": ":",
			"attribute_qualifier": "'",
			"finalclass": "SynchroAttLinkSet",
			"friendlyname": "allowed_org_list"
		},
		{
			"attcode": "contactid",
			"update": "1",
			"reconcile": "0",
			"update_policy": "master_locked",
			"reconciliation_attcode": "email",
			"finalclass": "SynchroAttExtKey",
			"friendlyname": "contactid"
		},
		{
			"attcode": "language",
			"update": "1",
			"reconcile": "0",
			"update_policy": "master_locked",
			"finalclass": "SynchroAttribute",
			"friendlyname": "language"
		},
		{
			"attcode": "login",
			"update": "1",
			"reconcile": "1",
			"update_policy": "master_locked",
			"finalclass": "SynchroAttribute",
			"friendlyname": "login"
		},
		{
			"attcode": "profile_list",
			"update": "1",
			"reconcile": "0",
			"update_policy": "$profile_list_update_policy$",
			"row_separator": "|",
			"attribute_separator": ";",
			"value_separator": ":",
			"attribute_qualifier": "'",
			"finalclass": "SynchroAttLinkSet",
			"friendlyname": "profile_list"
		},
		{
			"attcode": "reset_pwd_token",
			"update": "0",
			"reconcile": "0",
			"update_policy": "master_locked",
			"finalclass": "SynchroAttribute",
			"friendlyname": "reset_pwd_token"
		}
	],
	"user_delete_policy": "nobody",
	"url_icon": "",
	"url_application": ""
}
