<?xml version="1.0" encoding="UTF-8"?>
<extension format="1.0">
	<extension_code>teemip-core-ip-mgmt</extension_code>
	<company>TeemIp</company>
	<author><![CDATA[Christophe Naud]]></author>
	<label><![CDATA[IPAM for iTop]]></label>
	<description><![CDATA[TeemIp application embedded in iTop for full blown IP Address Management]]></description>
	<version>2.4.0</version>
	<release_date>2019-02-08</release_date>
	<version_description><![CDATA[]]></version_description>
	<itop_version_min>2.6.0</itop_version_min>
	<status>stable</status>
	<mandatory>false</mandatory>
	<more_info_url></more_info_url>
</extension>
